Track URI,Track Name,Album Name,Artist Name(s),Release Date,Duration (ms),Popularity,Explicit,Added By,Added At,Genres,Record Label,Danceability,Energy,Key,Loudness,Mode,Speechiness,Acousticness,Instrumentalness,Liveness,Valence,Tempo,Time Signature
spotify:track:53oDkbGMYWJzXhP8RG1sxl,"JE HAAT GEEN MAANDAG, JE HAAT KAPITALISME","HET K-WOORD","Hang Youth",2021-06-11,125016,28,false,,1970-01-01T00:00:00Z,"nederpop","Burning Fik",0.351,0.313,2,-13.959,1,0.0468,0.0303,0.00000905,0.12,0.119,78.985,4
spotify:track:26LR1DyAaLRGXjq0IiVz4b,"Soms Is Het Te Laat","Het Is Een WIES","WIES",2021-11-12,186093,40,false,,1970-01-01T00:00:00Z,"nederpop","WIES",0.566,0.491,6,-6.803,0,0.0278,0.0318,0.00000876,0.317,0.548,104.984,4
spotify:track:21JbJLJm6Fp7BMHcAZ9sFA,"Fuifje","Fuifje","DoeMaarDave",2019-04-16,155081,42,false,,1970-01-01T00:00:00Z,"hollands","Teemong",0.794,0.929,7,-6.351,1,0.065,0.221,0.000154,0.431,0.964,129.94,4
spotify:track:3Gm56jU1B7CLk6UK59MIeJ,"IN DE ARMEN VAN EEN FASCIST","IN DE ARMEN VAN EEN FASCIST","Hang Youth",2022-03-11,125014,23,true,,1970-01-01T00:00:00Z,"nederpop","Burning Fik",0.604,0.489,7,-8.254,1,0.0299,0.639,0,0.354,0.351,145.149,4
spotify:track:5bFuW1aN7eD5CK6WMeyAb2,"Maar Ik Doe Het Toch","Het Is Een WIES","WIES",2021-11-12,179821,26,false,,1970-01-01T00:00:00Z,"nederpop","WIES",0.82,0.421,1,-7.841,1,0.0515,0.345,0.00389,0.0937,0.43,118.019,4
spotify:track:4Z0RY6euB3SE0KtHrxDA4R,"Regendans","Eigen Wereld","Opgezwolle",2008-01-01,197520,41,true,,1970-01-01T00:00:00Z,"","Top Notch Music BV",0.742,0.624,1,-7.451,0,0.278,0.274,0.0000047,0.559,0.444,91.997,4
spotify:track:2ibNhXeLiX8fm7KQtQUIgl,"Smokers Outside The Hospital Doors","An End Has a Start","Editors",2007-01-01,297640,50,false,,1970-01-01T00:00:00Z,"","Play It Again Sam",0.529,0.674,7,-3.792,1,0.0369,0.0000463,0.0834,0.115,0.554,122.997,4
spotify:track:1jYjIopHaWuVpmbOymStCN,"WAAROM STEMMEN JULLIE STEEDS OP DE VVD","HET K-WOORD","Hang Youth",2021-06-11,31262,18,false,,1970-01-01T00:00:00Z,"nederpop","Burning Fik",0.395,0.691,4,-9.41,1,0.153,0.128,0,0.677,0.661,144.296,4
spotify:track:1wqJsi7dwDQuramYm6UaIc,"Leugenaar","Het Is Een WIES","WIES",2021-11-12,213164,27,false,,1970-01-01T00:00:00Z,"nederpop","WIES",0.684,0.459,6,-9.405,0,0.0395,0.0507,0.00281,0.0978,0.385,126.953,4
spotify:track:5S4ZCiUloDUo85G8zudSVl,"Pet van Ket","Pet van Ket","Reinier Zonneveld",2017-09-22,154122,27,false,,1970-01-01T00:00:00Z,"techno,acid techno,hard techno,tekno,minimal techno","Filth on Acid",0.794,0.863,2,-7.576,1,0.102,0.00109,0.532,0.0773,0.715,131.012,4
spotify:track:5TxY7O9lFJJrd22FmboAXe,"Stockholm Syndrome","blink-182","blink-182",2003-11-01,161135,51,false,,1970-01-01T00:00:00Z,"pop punk,punk,rock,skate punk,emo","Geffen",0.401,0.981,0,-4.926,1,0.0876,0.00842,0.0000323,0.106,0.484,173.182,4
spotify:track:3Q5b7zl0bEqrmdeMY4UeS3,"MET JE AKO-IDEOLOGIE","HET K-WOORD","Hang Youth",2021-06-11,62714,18,false,,1970-01-01T00:00:00Z,"nederpop","Burning Fik",0.46,0.735,9,-8.397,0,0.0384,0.0545,0,0.387,0.545,93.868,4
spotify:track:10liGAuS2e15KCF84YW35F,"Gewoon Je Maat","Het Is Een WIES","WIES",2021-11-12,180400,23,false,,1970-01-01T00:00:00Z,"nederpop","WIES",0.4,0.768,2,-7.279,0,0.166,0.158,0.0000816,0.0987,0.328,152.767,4
spotify:track:2bPGTMB5sFfFYQ2YvSmup0,"Deutschland","Rammstein","Rammstein",2019-05-17,322339,78,false,,1970-01-01T00:00:00Z,"industrial metal,metal,industrial rock,industrial","Rammstein",0.521,0.895,7,-5.242,1,0.0442,0.0000554,0.349,0.0985,0.237,120.117,4
spotify:track:4dxWDDEkFq9VqsAcIM0IpT,"Onbezonnen","Licht En Donker","Froukje",2021-01-07,167434,49,false,,1970-01-01T00:00:00Z,"nederpop","Top Notch Music BV",0.72,0.554,4,-10.856,0,0.295,0.802,0.00636,0.165,0.342,121.996,4
spotify:track:0Qn0UvsR6cjWfWaKy0H2pZ,"IK GEEF EEN NIER VOOR GEEN RUTTE IV","ALLES MOET BETER","Hang Youth",2020-11-17,36492,16,false,,1970-01-01T00:00:00Z,"nederpop","Burning Fik",0.218,0.802,1,-8.011,1,0.228,0.00171,0,0.359,0.838,166.659,4
spotify:track:6Gmmmxe0FrpEuSZEaa8kk7,"Radiostilte","Het Is Een WIES","WIES",2021-11-12,171371,30,false,,1970-01-01T00:00:00Z,"nederpop","WIES",0.734,0.568,4,-9.156,1,0.0481,0.109,0.000108,0.0912,0.567,138.962,4
spotify:track:4LJhJ6DQS7NwE7UKtvcM52,"What's My Age Again?","Enema Of The State","blink-182",1999-06-01,148360,78,true,,1970-01-01T00:00:00Z,"pop punk,punk,rock,skate punk,emo","Geffen",0.391,0.951,6,-7.419,1,0.0688,0.012,0.000446,0.0878,0.468,157.663,4
spotify:track:1nU2ooQKyk4CsYJMBdIK4J,"The Funeral","The Funeral","YUNGBLUD",2022-03-11,211197,58,true,,1970-01-01T00:00:00Z,"","Locomotion Recordings/ Interscope Records",0.576,0.869,7,-4.339,1,0.0339,0.0000857,0.000071,0.0573,0.746,92.538,4
spotify:track:6EaI29418rm0jK93co6QiB,"(GE)WOONBELEID","(GE)WOONBELEID","Hang Youth",2021-09-12,67547,13,false,,1970-01-01T00:00:00Z,"nederpop","Burning Fik",0.247,0.937,4,-6.055,1,0.138,0.0493,0.00932,0.377,0.316,188.035,4
spotify:track:4SYw6dN5HgvfwdIxKHxUR8,"Zo Gek Toch Niet","Het Is Een WIES","WIES",2021-11-12,233521,24,false,,1970-01-01T00:00:00Z,"nederpop","WIES",0.589,0.336,10,-13.351,0,0.0277,0.496,0.00101,0.114,0.383,129.946,4
spotify:track:37Tmv4NnfQeb0ZgUC4fOJj,"Sultans Of Swing","Dire Straits","Dire Straits",1978-10-07,348400,86,false,,1970-01-01T00:00:00Z,"classic rock","EMI",0.733,0.794,5,-10.023,1,0.0307,0.0614,0.0367,0.33,0.931,148.174,4
spotify:track:7wJ9zoDhxK91Pt7RGDcyUI,"Tweede Kamer","Tweede Kamer","Sophie Straat;Goldband",2021-02-05,186499,36,false,,1970-01-01T00:00:00Z,"nederpop,hollands","Sophie Straat",0.814,0.831,7,-4.772,1,0.0398,0.187,0.0000949,0.095,0.962,144.024,4
spotify:track:6iNFMZfxFMiMkRd4xHNXQt,"BELASTINGDIENST","ALLES MOET BETER","Hang Youth",2020-11-17,67610,30,false,,1970-01-01T00:00:00Z,"nederpop","Burning Fik",0.443,0.82,7,-8.527,1,0.153,0.00459,0,0.212,0.686,95.112,4
spotify:track:4EchqUKQ3qAQuRNKmeIpnf,"The Kids Aren't Alright","Americana","The Offspring",1998-11-16,180160,83,false,,1970-01-01T00:00:00Z,"punk,skate punk","Concord Records",0.523,0.943,1,-4.203,1,0.0337,0.00704,0.0000381,0.0579,0.766,99.607,4
spotify:track:78NogwkqVC4GBQMxOwOQrC,"Through The Echoes","Last Night In The Bittersweet","Paolo Nutini",2022-07-01,221245,66,false,,1970-01-01T00:00:00Z,"","Atlantic Records UK",0.73,0.487,7,-7.679,1,0.0399,0.285,0.0000349,0.135,0.314,104.933,4
spotify:track:2d0amOy3Pd3Y88EwAtBlj2,"Hemel Valt","Lobi Da Basi","Typhoon",2014-06-17,160840,44,false,,1970-01-01T00:00:00Z,"nederpop,hollands","Top Notch Music BV",0.664,0.736,5,-6.66,1,0.136,0.239,0,0.327,0.742,96.829,4
spotify:track:0wM8XQp5vUEFPmSdVlM6QE,"IK BETAAL ME STUFI NIET TERUG","IK BETAAL ME STUFI NIET TERUG","Hang Youth;Gotu Jim",2022-02-04,98351,18,true,,1970-01-01T00:00:00Z,"nederpop,hard house","Burning Fik",0.165,0.929,6,-4.661,1,0.113,0.0000707,0.000766,0.319,0.542,185.59,4
spotify:track:2T5q7qhJVN4m2hMSIAsOlC,"Enter Sandman - Remastered 2021","Metallica (Remastered 2021)","Metallica",2021-09-10,331560,58,false,,1970-01-01T00:00:00Z,"metal,thrash metal,rock,heavy metal,hard rock","Blackened Recordings / Universal Music",0.569,0.838,6,-8.421,0,0.0302,0.0026,0.00836,0.0628,0.615,123.299,4
spotify:track:0IwXp8V7wgFCIthRh2z8Ot,"The Crane Wife 3","The Crane Wife","The Decemberists",2006-10-03,258333,50,false,,1970-01-01T00:00:00Z,"baroque pop,indie folk","Capitol Records",0.588,0.613,2,-9.656,1,0.0396,0.369,0.0422,0.107,0.185,119.536,4
spotify:track:3OtId2P71K4wGAAJk8QCIR,"Honeybrains","Honeybrains","Royal Blood",2022-03-17,186847,49,false,,1970-01-01T00:00:00Z,"garage rock,rock","Warner Records",0.523,0.8,9,-5.243,1,0.101,0.00537,0,0.398,0.604,125.886,3
spotify:track:3gk9GP9zlxJX6rRHHgRLM5,"Barman","Het Is Een WIES","WIES",2021-11-12,197172,41,false,,1970-01-01T00:00:00Z,"nederpop","WIES",0.509,0.301,4,-8.342,1,0.032,0.566,0,0.359,0.166,85.002,4
spotify:track:0lPXW2inKPmesf3Qt9iqmh,"HET KAN ME NIET LINKS GENOEG","HET KAN ME NIET LINKS GENOEG","Hang Youth",2021-03-03,116397,15,true,,1970-01-01T00:00:00Z,"nederpop","Burning Fik",0.21,0.709,7,-10.742,1,0.156,0.212,0.00000102,0.781,0.773,202.281,4
spotify:track:4nXKO951m6TdWQQbH1KJH3,"Down","blink-182","blink-182",2003-11-01,183844,56,false,,1970-01-01T00:00:00Z,"pop punk,punk,rock,skate punk,emo","Geffen",0.535,0.875,11,-8.316,1,0.0398,0.068,0.00441,0.102,0.345,93.983,4
spotify:track:07orvxY7mbMy7txvSjarnt,"Ik Wil Alleen Maar Zwemmen","Ik Wil Alleen Maar Zwemmen","Spinvis",2006-02-06,228160,44,false,,1970-01-01T00:00:00Z,"nederpop","Excelsior Recordings",0.677,0.647,11,-8.849,1,0.0492,0.0936,0.0505,0.0713,0.839,115.006,4
spotify:track:4ISig8xvPT0SPkeGt3w4GN,"HoedenPlank","Eigen Wereld","Opgezwolle",2008-01-01,197106,42,true,,1970-01-01T00:00:00Z,"","Top Notch Music BV",0.476,0.69,1,-6.247,1,0.374,0.189,0,0.109,0.43,91.051,4
spotify:track:5HC5jTe2yGDmvH5xWiv3MH,"SHELL IS EEN PRIMA BEDRIJF (ALS IK DE WEBSITE MAG GELOVEN)","ALLES MOET BETER","Hang Youth",2020-11-17,49194,23,false,,1970-01-01T00:00:00Z,"nederpop","Burning Fik",0.192,0.728,11,-7.958,1,0.143,0.0346,0.000132,0.39,0.542,196.535,4
spotify:track:1AdYZ6X00nXmO613Y7GJOl,"I Miss You","blink-182","blink-182",2003-11-01,227250,70,false,,1970-01-01T00:00:00Z,"pop punk,punk,rock,skate punk,emo","Geffen",0.423,0.714,11,-8.295,1,0.045,0.00113,0.00000628,0.0855,0.593,110.017,4
spotify:track:7j31rVgGX9Q2blT92VBEA0,"Teenagers","The Black Parade","My Chemical Romance",2006-10-20,161920,82,false,,1970-01-01T00:00:00Z,"emo,pop punk","Reprise",0.463,0.857,4,-3.063,1,0.0632,0.0506,0,0.184,0.856,111.647,4
spotify:track:0CqKVy5nUqpTr5O8evGZRi,"Lekker - Posij Remix","Lekker (Posij Remix)","Hustle Athletics;Posij",2021-12-17,234857,23,false,,1970-01-01T00:00:00Z,"breakbeat,drumstep,drum and bass,bass music","Vision Recordings",0.787,0.956,5,-3.263,1,0.0747,0.0224,0.639,0.0692,0.613,139.986,4
spotify:track:2aoo2jlRnM3A0NyLQqMN2f,"All Along the Watchtower","Electric Ladyland","Jimi Hendrix",1968-10-25,240800,75,false,,1970-01-01T00:00:00Z,"psychedelic rock,classic rock,acid rock,blues rock","Legacy Recordings",0.438,0.805,8,-6.237,1,0.0624,0.00255,0.0000569,0.0842,0.564,113.253,4
spotify:track:3j5QcKYJ836ZBbcj1OoEod,"Rose Tattoo","Signed and Sealed In Blood","Dropkick Murphys",2013-01-07,306520,62,false,,1970-01-01T00:00:00Z,"celtic punk,celtic rock,celtic,punk,folk punk","[PIAS] Cooperative",0.522,0.912,9,-2.066,0,0.0353,0.0217,0,0.371,0.628,108.047,4
spotify:track:6tCLQ3LO1V9l6qdrrwdV6q,"My Silver Lining","Stay Gold","First Aid Kit",2014-06-03,215493,65,false,,1970-01-01T00:00:00Z,"indie folk,folk","Columbia",0.479,0.725,2,-4.671,1,0.0335,0.026,0.000129,0.209,0.43,101.938,4
spotify:track:6L89mwZXSOwYl76YXfX13s,"Basket Case","Dookie","Green Day",1994-02-01,181533,84,false,,1970-01-01T00:00:00Z,"punk,pop punk","Reprise",0.442,0.943,3,-3.205,1,0.0602,0.00293,0.00000871,0.091,0.781,85.064,4
spotify:track:1cKWyEiGWLXAUTz6jI1d7c,"Every Shade of Blue","Every Shade of Blue","The Head And The Heart",2022-01-21,213293,31,false,,1970-01-01T00:00:00Z,"indie folk,folk pop,folk","Reprise",0.538,0.61,2,-6.103,1,0.0329,0.105,0.00000588,0.22,0.187,120.051,4
spotify:track:62JvDbmEtwIU3m4LhiG6Ah,"Water Of Love","Dire Straits","Dire Straits",1978-10-07,325133,66,false,,1970-01-01T00:00:00Z,"classic rock","EMI",0.817,0.552,7,-12.962,1,0.0336,0.481,0.0144,0.187,0.939,120.918,4
spotify:track:4Mxef2s34ecbB6UtSdSf9E,"No One Loves Me and Neither Do I","Them Crooked Vultures","Them Crooked Vultures",2009-11-17,310376,55,false,,1970-01-01T00:00:00Z,"stoner rock","Them Crooked Vultures",0.231,0.904,2,-5.506,1,0.0895,0.0304,0.00000274,0.15,0.598,176.073,4
spotify:track:6QAsrXPnMSXIbV0yEJHlEX,"Nothing Else Matters - Remastered 2021","Metallica (Remastered Deluxe Box Set)","Metallica",2021-09-10,388733,83,false,,1970-01-01T00:00:00Z,"metal,thrash metal,rock,heavy metal,hard rock","Blackened Recordings / Universal Music",0.548,0.395,4,-9.794,0,0.0268,0.0543,0.00000541,0.0791,0.182,142.372,3
spotify:track:4Jv7lweGIUOFQ7Oq2AtAh9,"I Follow Rivers - The Magician Remix","I Follow Rivers (The Magician Remix)","Lykke Li;The Magician",2011-10-10,279635,72,false,,1970-01-01T00:00:00Z,"","Atlantic Records",0.786,0.696,9,-5.796,0,0.0428,0.0234,0.0019,0.0839,0.306,121.974,4
spotify:track:4phhyApNuepzbjIRQr0ZfN,"Sworn to Secrecy","We Come from Exploding Stars","Moonlit Sailor",2014-02-25,328506,11,false,,1970-01-01T00:00:00Z,"post-rock","Deep Elm",0.564,0.864,4,-7.219,0,0.0346,0.00111,0.919,0.16,0.414,130.044,4
spotify:track:2w7Ca8DNYXBCgA6Bht7o0N,"Zick Zack","Zeit","Rammstein",2022-04-29,244365,62,false,,1970-01-01T00:00:00Z,"industrial metal,metal,industrial rock,industrial","Rammstein",0.669,0.814,5,-5.375,0,0.0681,0.00118,0.00131,0.0737,0.398,130.014,4
spotify:track:3vC8qnXgQE3xGqWFpzkP5L,"Butje - Original","Verkleed Als Sukkel","De Huilende Rappers",2014-06-01,224352,22,false,,1970-01-01T00:00:00Z,"","Radio Vrijstaande Pilaster",0.939,0.839,5,-5.018,1,0.182,0.0971,0.00145,0.106,0.816,124.987,4
spotify:track:5Msa96WTfFyZk0LeqcYgvj,"Leef","Het Is Een WIES","WIES",2021-11-12,207143,21,false,,1970-01-01T00:00:00Z,"nederpop","WIES",0.469,0.557,0,-8.934,1,0.0397,0.31,0,0.104,0.126,121.112,4
spotify:track:2xO0NhSt9kzKBbNjNVixfC,"Will Of The People","Will Of The People","Muse",2022-08-26,198849,54,false,,1970-01-01T00:00:00Z,"alternative rock,rock","Warner Records",0.362,0.947,11,-3.617,0,0.239,0.00895,0,0.285,0.583,130.005,4
spotify:track:7L6HxZtyyy9lTekAmP25KX,"Liar","No Tears In My Champagne","Nona",2022-06-17,136644,34,false,,1970-01-01T00:00:00Z,"","Universal Music, a division of Universal International Music BV",0.67,0.736,10,-6.422,0,0.034,0.017,0.0000156,0.113,0.572,111.994,4
spotify:track:0EzlOnU5ctU3aXtFLcGqeU,"Droomvlucht","Wonderlijke Efteling Muziek","Efteling;Droomvlucht",2012-10-17,266186,37,false,,1970-01-01T00:00:00Z,"children's music","Efteling / CTM Tribe Music",0.169,0.313,1,-9.998,1,0.0316,0.937,0.727,0.108,0.0441,78.869,4
spotify:track:7LAkb71dBxF6vIUwgHXOS5,"Meisje","Het Is Een WIES","WIES",2021-11-12,156472,42,false,,1970-01-01T00:00:00Z,"nederpop","WIES",0.707,0.658,0,-8.22,1,0.179,0.0386,0.000104,0.6,0.748,130.032,4
spotify:track:70QGyzne3fTgWPRrE7wo5P,"ALLES MOET BETER","ALLES MOET BETER","Hang Youth",2020-11-17,84630,17,false,,1970-01-01T00:00:00Z,"nederpop","Burning Fik",0.325,0.521,2,-9.797,1,0.0642,0.0037,0.00000553,0.311,0.559,138.248,4
spotify:track:5hUJhTmxXtD9U9vWNGKUNd,"Air France - Synapson Remix","Air France - EP","Joris Delacroix",2013-11-29,351000,42,false,,1970-01-01T00:00:00Z,"minimal techno,melodic techno,electro","Way Of House",0.782,0.744,4,-9.378,0,0.0482,0.0319,0.123,0.139,0.299,119.992,4
spotify:track:153bsdXSG7KD3Q8ShRNpNK,"Asthenia","blink-182","blink-182",2003-11-01,259754,48,false,,1970-01-01T00:00:00Z,"pop punk,punk,rock,skate punk,emo","Geffen",0.403,0.881,2,-7.224,1,0.108,0.158,0.00000986,0.107,0.287,174.835,4
spotify:track:5dvBeCMTzUNjyWIcuykzyh,"Everyday I Love You Less And Less","Employment","Kaiser Chiefs",2005,217706,62,false,,1970-01-01T00:00:00Z,"britpop","Polydor Records",0.49,0.956,1,-4.556,0,0.0407,0.00466,0.00000615,0.242,0.577,160.028,4
spotify:track:6GqhCxiV3PLhy9Wd4PCFBI,"BILL GATES IS EEN NERD","ALLES MOET BETER","Hang Youth",2020-11-17,69111,16,false,,1970-01-01T00:00:00Z,"nederpop","Burning Fik",0.345,0.906,11,-6.78,0,0.216,0.0091,0,0.493,0.498,142.857,3
spotify:track:6FbY2AuMFUIE5A8rCxM4Lq,"Linde Met Een E","In Je Nakie","Lucky Fonz III",2016-02-05,203961,38,false,,1970-01-01T00:00:00Z,"nederpop,hollands","Top Notch Music BV",0.772,0.497,4,-9.673,1,0.119,0.15,0.00000301,0.214,0.875,154.083,4
spotify:track:5kYhmkcnDalqUMxQxBcZkB,"All Of This","blink-182","blink-182;Robert Smith ",2003-11-01,280017,48,false,,1970-01-01T00:00:00Z,"pop punk,punk,rock,skate punk,emo,baroque","Geffen",0.689,0.579,9,-7.294,1,0.0315,0.00573,0.0276,0.089,0.671,117.641,4
spotify:track:45xGYQ6TPvxjw2L23J2F8R,"Joris en de Draak","Wonderlijke Efteling Muziek","Efteling;Joris en de Draak",2012-10-17,145120,37,false,,1970-01-01T00:00:00Z,"children's music","Efteling / CTM Tribe Music",0.373,0.773,9,-7.077,1,0.0415,0.247,0.757,0.0918,0.397,141.912,4
spotify:track:6TnOKX49SPVNVKCZsA36Rv,"HET K-WOORD","HET K-WOORD","Hang Youth",2021-06-11,53785,15,false,,1970-01-01T00:00:00Z,"nederpop","Burning Fik",0.421,0.432,7,-14.272,1,0.107,0.474,0.000286,0.111,0.446,65.078,5
spotify:track:1MoA0TNVdveasxnR6c2JqZ,"Jackie Down The Line","Skinty Fia","Fontaines D.C.",2022-04-22,241093,70,false,,1970-01-01T00:00:00Z,"post-punk","Partisan Records",0.547,0.878,7,-4.563,1,0.0446,0.0102,0,0.0885,0.452,134.978,4
spotify:track:26AYR77170U49cMcXB7aRV,"Feeling This","blink-182","blink-182",2003-11-01,172645,70,true,,1970-01-01T00:00:00Z,"pop punk,punk,rock,skate punk,emo","Geffen",0.411,0.962,4,-5.952,1,0.0917,0.103,0,0.529,0.622,173.143,4
spotify:track:3G3GZnfjmypPEdkItAofp8,"Jenny Don't Be Hasty","These Streets","Paolo Nutini",2007-01-30,207133,65,false,,1970-01-01T00:00:00Z,"","Atlantic Records",0.764,0.816,9,-5.551,1,0.0338,0.00362,0,0.136,0.894,120.456,4
spotify:track:2sgBTNHz9ckmqj3rx3ez4M,"Ruby","Yours Truly, Angry Mob (Deluxe)","Kaiser Chiefs",2007-01-01,204200,69,false,,1970-01-01T00:00:00Z,"britpop","Polydor Records",0.447,0.937,5,-2.811,0,0.0492,0.00768,0.0000133,0.0787,0.431,93.452,4
spotify:track:7v9Ne4758aGFfFc5avh89h,"Let's Dance to Joy Division","Proudly Present... A Guide to Love, Loss & Desperation","The Wombats",2007-11-05,191293,62,false,,1970-01-01T00:00:00Z,"indie","14th Floor Records",0.397,0.839,4,-6.674,1,0.102,0.00125,0,0.576,0.764,116.947,4
spotify:track:078zIWNN5odARjeoMlg05A,"Go","blink-182","blink-182",2003-11-01,113216,50,true,,1970-01-01T00:00:00Z,"pop punk,punk,rock,skate punk,emo","Geffen",0.4,0.966,0,-5.478,1,0.0407,0.00199,0,0.103,0.756,182.163,4
spotify:track:6ORqU0bHbVCRjXm9AjyHyZ,"Good Riddance (Time of Your Life)","Nimrod","Green Day",1997-10-14,153466,80,true,,1970-01-01T00:00:00Z,"punk,pop punk","Reprise",0.475,0.432,7,-7.844,1,0.0302,0.183,0,0.161,0.648,94.605,4
spotify:track:27L8sESb3KR79asDUBu8nW,"Stacy's Mom","Welcome Interstate Managers","Fountains Of Wayne",2003-01-01,197986,75,false,,1970-01-01T00:00:00Z,"power pop","S-Curve Records",0.774,0.75,11,-4.927,0,0.0412,0.00207,0.0000178,0.0808,0.927,118.015,4
spotify:track:2DrGEaqoruCSn0FffWCf5O,"A-Punk","Vampire Weekend","Vampire Weekend",2008-01-27,137760,66,false,,1970-01-01T00:00:00Z,"indie,baroque pop","XL Recordings",0.551,0.819,2,-4.489,1,0.0525,0.0103,0.0437,0.153,0.846,174.917,4
spotify:track:67Hna13dNDkZvBpTXRIaOJ,"Teardrop","Mezzanine","Massive Attack;Elizabeth Fraser",1998-01-01,330773,75,false,,1970-01-01T00:00:00Z,"trip hop,downtempo","Circa",0.615,0.419,11,-8.8,0,0.0395,0.0173,0.497,0.135,0.216,76.997,4
spotify:track:1FkoVC85Ds3mFoK0fVqEqP,"Self Esteem","Smash","The Offspring",1994-04-08,257826,79,false,,1970-01-01T00:00:00Z,"punk,skate punk","Epitaph",0.488,0.862,0,-7.595,1,0.0476,0.0204,0,0.359,0.706,104.56,4
spotify:track:5tR13oIwi5J3elcTZPTTIU,"Kelly Watch the Stars","Moon Safari","Air",1998-01-16,226293,56,false,,1970-01-01T00:00:00Z,"trip hop,downtempo","Parlophone (France)",0.522,0.72,2,-8.52,1,0.0283,0.215,0.746,0.111,0.315,109.851,4
spotify:track:0qxYx4F3vm1AOnfux6dDxP,"You Can Call Me Al","Graceland (25th Anniversary Deluxe Edition)","Paul Simon",1986-08-12,280586,76,false,,1970-01-01T00:00:00Z,"singer-songwriter","Legacy Recordings",0.776,0.763,5,-8.124,1,0.0534,0.182,0.00647,0.077,0.82,128.433,4
spotify:track:20I8RduZC2PWMWTDCZuuAN,"Take Me Out","Franz Ferdinand","Franz Ferdinand",2004-02-16,237026,84,false,,1970-01-01T00:00:00Z,"indie rock","Domino Recording Co",0.277,0.663,4,-8.821,0,0.0377,0.000409,0.00051,0.136,0.527,104.561,4
spotify:track:7caiyAewYYoWu5rZZgQWgn,"Drunken Lullabies","Drunken Lullabies","Flogging Molly",2002-03-19,230640,60,false,,1970-01-01T00:00:00Z,"celtic punk,celtic rock,celtic,folk punk,punk","SideOneDummy Records",0.386,0.966,7,-4.258,1,0.0716,0.00152,0.0248,0.0791,0.862,155.994,4
spotify:track:1KCq83wq5AL1ThWuqMNkUw,"Monsieur Cannibale","The Very Best of Sacha Distel (22 Essential Songs)","Sacha Distel",2014-12-08,204573,23,false,,1970-01-01T00:00:00Z,"chanson,variété française,french jazz","Prosadis",0.874,0.659,7,-6.92,1,0.0393,0.156,0.00000121,0.278,0.971,130.299,4
spotify:track:0jvN7eQJJt4nxQzgQfZ1SP,"Spirit In The Sky - Deluxe Edition","Spirit In The Sky (Deluxe Edition)","Norman Greenbaum",1969-01-01,242893,76,false,,1970-01-01T00:00:00Z,"classic rock","Craft Recordings",0.609,0.617,9,-7.091,1,0.0307,0.0994,0.00404,0.118,0.543,128.903,4
spotify:track:7Kl5wPMTXal1ZUMqSSKVa0,"U&ME","The Dream","alt-J",2022-02-11,198840,56,false,,1970-01-01T00:00:00Z,"indie,indie rock","Infectious Music",0.587,0.718,7,-8.369,1,0.0529,0.132,0.00308,0.134,0.332,82.008,4
spotify:track:5TZn3LQSWwVPnBlPgFKb54,"American Jesus","Recipe For Hate","Bad Religion",1993-09-21,197666,60,false,,1970-01-01T00:00:00Z,"punk,skate punk,hardcore punk,melodic hardcore,ska punk","Epitaph",0.404,0.985,0,-4.173,1,0.0491,0.00238,0,0.192,0.697,181.406,4
spotify:track:3a3EDrWejkryzeGFkPypOR,"The Impression That I Get","Let’s Face It","The Mighty Mighty Bosstones",1997,195195,67,false,,1970-01-01T00:00:00Z,"ska,ska punk,punk","Island Def Jam",0.546,0.65,4,-17.176,1,0.0535,0.0447,0.000659,0.117,0.725,90.67,4
spotify:track:7rSERmjAT38lC5QhJ8hnQc,"I'm Shipping Up To Boston","The Warrior's Code","Dropkick Murphys",2005-07-19,153600,70,false,,1970-01-01T00:00:00Z,"celtic punk,celtic rock,celtic,punk,folk punk","Hellcat/Epitaph",0.452,0.928,2,-3.133,1,0.079,0.000706,0.000637,0.226,0.6,129.188,4
spotify:track:721tATaNQPPGSuC3dYEI3h,"Sons & Daughters","The Crane Wife","The Decemberists",2006-10-03,313600,50,false,,1970-01-01T00:00:00Z,"baroque pop,indie folk","Capitol Records",0.331,0.559,2,-8.263,1,0.0316,0.224,0,0.297,0.236,115.117,4
spotify:track:4wYq5wugZDzQiMZQYG4wVB,"Whole Lotta Rosie","Let There Be Rock","AC/DC",1977-03-21,324584,67,false,,1970-01-01T00:00:00Z,"rock,hard rock,classic rock,rock and roll","Columbia",0.292,0.838,9,-4.459,1,0.078,0.0014,0.479,0.0953,0.423,159.176,4
spotify:track:0fm9G06KNN0LcKUbCqAMQI,"Step Up","Common Dreads","Enter Shikari",2009-06-12,280240,31,false,,1970-01-01T00:00:00Z,"post-hardcore,metalcore","Ambush Reality Records Ltd",0.394,0.917,5,-3.831,0,0.0574,0.00404,0.00029,0.0891,0.0845,92.419,4
spotify:track:47hcD7edHyZcuSKqFVtoF4,"Wat Als Het Water Stijgt","Het Is Een WIES","WIES",2021-11-12,258064,21,false,,1970-01-01T00:00:00Z,"nederpop","WIES",0.557,0.576,1,-9.954,1,0.0267,0.532,0.793,0.109,0.372,139.015,4
spotify:track:3zHq9ouUJQFQRf3cm1rRLu,"Love Me Like You Do - From ""Fifty Shades Of Grey""","Delirium (Deluxe)","Ellie Goulding",2015-11-06,252534,79,false,,1970-01-01T00:00:00Z,"","Polydor Records",0.262,0.606,8,-6.646,1,0.0484,0.247,0,0.125,0.275,189.857,4
spotify:track:5JWPUEov2wlX7c0jhYZpeB,"Lost In Yesterday","The Slow Rush","Tame Impala",2020-02-14,249586,72,false,,1970-01-01T00:00:00Z,"neo-psychedelic,indie","Universal Music Australia Pty. Ltd.",0.569,0.84,1,-4.123,1,0.118,0.0295,0.000118,0.0995,0.749,183.059,3
spotify:track:64IcdRqfcN5rwqSqJpQDDe,"In The Morning","Razorlight","Razorlight",2006-01-01,222453,58,false,,1970-01-01T00:00:00Z,"britpop,indie","EMI",0.616,0.855,4,-3.495,0,0.042,0.00379,0.000863,0.318,0.686,124.191,4
spotify:track:1Xccd7M3iAT1sUu68pOZU0,"Here's Your Letter","blink-182","blink-182",2003-11-01,174658,50,true,,1970-01-01T00:00:00Z,"pop punk,punk,rock,skate punk,emo","Geffen",0.408,0.933,9,-5.256,1,0.057,0.0126,0.0000162,0.12,0.668,176.178,4
spotify:track:3N4DI1vuTSX1tz7fa2NQZw,"Rehab","Back To Black (Deluxe Edition)","Amy Winehouse",2006,214946,75,false,,1970-01-01T00:00:00Z,"","Universal-Island Records Ltd.",0.407,0.558,0,-13.609,1,0.0552,0.0537,0.00000142,0.34,0.777,71.815,4
spotify:track:0NWPxcsf5vdjdiFUI8NgkP,"Hey Joe","Are You Experienced","Jimi Hendrix",1967-05-12,210160,68,false,,1970-01-01T00:00:00Z,"psychedelic rock,classic rock,acid rock,blues rock","Legacy Recordings",0.346,0.768,9,-5.695,1,0.0377,0.00603,0.38,0.0244,0.532,169.492,4
spotify:track:5nwEtwYlcNlSvcznEtJfXE,"Welkom in Efteling Wonderland","Efteling Wonderland","Efteling",2022-04-14,232741,13,false,,1970-01-01T00:00:00Z,"children's music","Efteling / CTM Tribe Music",0.67,0.408,2,-12.611,1,0.0285,0.409,0.000823,0.0689,0.458,107.082,4
spotify:track:2g2a5kDeZexbUTD8abcvm6,"Lifestyles of the Rich & Famous","The Young and The Hopeless","Good Charlotte",2002-10-04,190466,69,false,,1970-01-01T00:00:00Z,"pop punk,punk,emo","Epic/Daylight",0.62,0.93,1,-3.685,1,0.0374,0.00043,0,0.0686,0.609,106.22,4
spotify:track:4xiyq1iRdsxuU1BPUJ490Z,"Close To Me","The Head On The Door (Remastered)","The Cure",1985-08-26,203266,71,false,,1970-01-01T00:00:00Z,"new wave,post-punk,gothic rock,darkwave","UMC (Universal Music Catalogue)",0.724,0.523,11,-11.139,1,0.116,0.0745,0.703,0.0811,0.965,185.075,4
spotify:track:0DJlwA89Xc3Noc5PR9RJbe,"Behind Closed Doors","The Sufferer & The Witness","Rise Against",2006-01-01,195120,59,false,,1970-01-01T00:00:00Z,"punk,hardcore punk","Geffen",0.338,0.979,10,-3.548,0,0.0958,0.0006,0.000151,0.225,0.558,195.136,4
